{"stats":{"minecraft:mined":{"minecraft:white_bed":3,"minecraft:cherry_log":764,"minecraft:cherry_sapling":3,"minecraft:stripped_cherry_log":22,"minecraft:cherry_trapdoor":47,"minecraft:granite":6,"minecraft:acacia_log":37,"minecraft:grass_block":1339,"minecraft:jungle_log":57,"minecraft:deepslate_bricks":4,"minecraft:hopper":1,"minecraft:oxeye_daisy":2,"minecraft:fire":6,"minecraft:polished_basalt":1,"minecraft:iron_ore":11,"minecraft:cobbled_deepslate":2,"minecraft:andesite":34,"minecraft:pumpkin":8,"minecraft:polished_deepslate":2,"minecraft:polished_deepslate_slab":4,"minecraft:deepslate_iron_ore":4,"minecraft:vine":6,"minecraft:dirt_path":54,"minecraft:cherry_hanging_sign":1,"minecraft:azalea_leaves":1,"minecraft:bamboo":3,"minecraft:stone":790,"minecraft:cherry_stairs":23,"minecraft:scaffolding":88,"minecraft:polished_deepslate_stairs":11,"minecraft:deepslate_brick_wall":7,"minecraft:smoker":1,"minecraft:basalt":1,"minecraft:dandelion":4,"minecraft:crafting_table":19,"minecraft:cornflower":1,"minecraft:torch":20,"minecraft:calcite":3,"minecraft:chest":1,"minecraft:crimson_slab":2,"minecraft:tall_grass":34,"minecraft:copper_ore":4,"minecraft:cobblestone":9,"minecraft:crimson_stairs":2,"minecraft:diorite":22,"minecraft:wall_torch":10,"minecraft:cherry_slab":8,"minecraft:pink_petals":1,"minecraft:cherry_fence":1,"minecraft:birch_log":38,"minecraft:cherry_wall_hanging_sign":2,"minecraft:birch_leaves":1,"minecraft:cherry_door":3,"minecraft:yellow_bed":1,"minecraft:grass":338,"minecraft:oak_log":180,"minecraft:coal_ore":60,"minecraft:cocoa":1,"minecraft:cherry_button":11,"minecraft:cherry_leaves":2,"minecraft:gravel":1,"minecraft:dirt":1267,"minecraft:crimson_planks":1,"minecraft:smooth_basalt":1,"minecraft:oak_leaves":11,"minecraft:deepslate":12,"minecraft:fern":2},"minecraft:crafted":{"minecraft:cherry_planks":728,"minecraft:oak_planks":176,"minecraft:stone_shovel":14,"minecraft:cherry_slab":204,"minecraft:cooked_chicken":1,"minecraft:furnace":1,"minecraft:cooked_mutton":13,"minecraft:cherry_trapdoor":116,"minecraft:iron_axe":2,"minecraft:ladder":12,"minecraft:cherry_stairs":88,"minecraft:stone_pickaxe":11,"minecraft:chest":15,"minecraft:cherry_fence":33,"minecraft:cherry_fence_gate":20,"minecraft:cooked_beef":6,"minecraft:cooked_porkchop":24,"minecraft:crafting_table":3,"minecraft:wooden_pickaxe":1,"minecraft:cherry_button":24,"minecraft:stone_axe":7,"minecraft:polished_deepslate_slab":84,"vtaw_mw:stone_katana":1,"minecraft:air":0,"minecraft:stick":4,"vtaw_mw:iron_katana":1,"minecraft:iron_ingot":15,"minecraft:iron_pickaxe":1,"minecraft:wooden_axe":1,"minecraft:iron_shovel":4,"minecraft:cherry_door":6,"minecraft:torch":116},"minecraft:custom":{"minecraft:mob_kills":45,"minecraft:inspect_hopper":1,"minecraft:interact_with_crafting_table":71,"minecraft:bell_ring":1,"minecraft:leave_game":12,"minecraft:time_since_death":3136,"minecraft:climb_one_cm":76716,"minecraft:sprint_one_cm":831795,"minecraft:walk_one_cm":1466909,"minecraft:drop":52,"minecraft:talked_to_villager":3,"minecraft:play_time":525270,"minecraft:sneak_time":26575,"minecraft:deaths":10,"minecraft:walk_under_water_one_cm":8421,"minecraft:jump":3902,"minecraft:interact_with_brewingstand":1,"minecraft:walk_on_water_one_cm":2905,"minecraft:total_world_time":525270,"minecraft:interact_with_furnace":10,"minecraft:interact_with_stonecutter":2,"minecraft:sleep_in_bed":29,"minecraft:time_since_rest":3164,"minecraft:damage_taken":6937,"minecraft:damage_dealt":5435,"minecraft:swim_one_cm":1800,"minecraft:fly_one_cm":1159236,"minecraft:open_chest":244,"minecraft:crouch_one_cm":56993,"minecraft:interact_with_smoker":31,"minecraft:fall_one_cm":123739},"minecraft:broken":{"minecraft:iron_shovel":4,"minecraft:stone_pickaxe":5,"minecraft:iron_axe":2,"minecraft:stone_axe":3,"minecraft:iron_pickaxe":1,"minecraft:stone_shovel":12},"minecraft:killed":{"minecraft:spider":3,"minecraft:skeleton":1,"minecraft:chicken":2,"minecraft:pig":11,"minecraft:creeper":1,"minecraft:sheep":10,"minecraft:zombie":9,"alexsmobs:fly":3,"minecraft:cow":3},"minecraft:picked_up":{"minecraft:wooden_axe":1,"minecraft:cocoa_beans":10,"minecraft:crafting_table":20,"minecraft:azure_bluet":2,"minecraft:chicken":1,"minecraft:wooden_pickaxe":1,"minecraft:stripped_cherry_log":22,"minecraft:crimson_planks":1,"minecraft:polished_deepslate":2,"minecraft:cornflower":6,"minecraft:raw_copper":14,"minecraft:moss_carpet":2,"minecraft:iron_axe":1,"alexsmobs:banana":1,"minecraft:cobbled_deepslate":14,"minecraft:beef":6,"minecraft:calcite":2,"minecraft:jungle_sapling":7,"minecraft:poppy":6,"minecraft:chest":1,"minecraft:birch_sapling":7,"minecraft:cherry_button":11,"minecraft:cherry_trapdoor":47,"minecraft:polished_deepslate_slab":7,"minecraft:stick":340,"minecraft:raw_iron":15,"minecraft:cherry_stairs":23,"minecraft:deepslate_brick_wall":7,"minecraft:polished_deepslate_stairs":11,"minecraft:oak_fence":1,"minecraft:torch":39,"minecraft:acacia_log":32,"minecraft:porkchop":24,"minecraft:cherry_log":752,"minecraft:diorite":22,"minecraft:rotten_flesh":11,"minecraft:arrow":6,"minecraft:deepslate_bricks":4,"minecraft:polished_basalt":1,"minecraft:crimson_slab":2,"minecraft:mutton":13,"minecraft:white_wool":10,"minecraft:cobblestone":780,"minecraft:oxeye_daisy":3,"minecraft:birch_log":38,"minecraft:pink_petals":3,"minecraft:feather":2,"minecraft:basalt":1,"minecraft:andesite":28,"minecraft:jungle_log":57,"minecraft:leather":2,"minecraft:smoker":1,"minecraft:oak_log":180,"minecraft:cherry_fence":1,"minecraft:yellow_bed":1,"minecraft:cherry_door":3,"minecraft:dirt":2642,"minecraft:bone":4,"minecraft:apple":14,"minecraft:wheat_seeds":65,"minecraft:iron_ingot":4,"minecraft:bamboo":43,"minecraft:acacia_sapling":9,"minecraft:oak_planks":156,"minecraft:scaffolding":167,"minecraft:smooth_basalt":1,"minecraft:pumpkin":8,"minecraft:dandelion":17,"minecraft:gravel":3,"minecraft:crimson_stairs":2,"minecraft:white_bed":3,"minecraft:cherry_hanging_sign":4,"minecraft:granite":6,"minecraft:cherry_sapling":434,"minecraft:bread":5,"minecraft:cherry_slab":10,"alexsmobs:maggot":2,"minecraft:oak_sapling":109,"minecraft:coal":60,"minecraft:hopper":1},"minecraft:dropped":{"minecraft:wheat_seeds":46,"minecraft:oak_log":1,"minecraft:oak_fence":1,"minecraft:leather":2,"minecraft:cherry_hanging_sign":2,"minecraft:oxeye_daisy":2,"minecraft:dirt":4,"minecraft:cornflower":4,"minecraft:wooden_axe":1,"minecraft:iron_axe":1,"minecraft:pink_petals":4,"minecraft:dandelion":8,"minecraft:bone":1,"minecraft:gravel":3,"minecraft:stone_axe":1,"minecraft:moss_carpet":2,"alexsmobs:maggot":2,"minecraft:cobbled_deepslate":1,"minecraft:rotten_flesh":11,"minecraft:poppy":2,"minecraft:oak_sapling":1,"minecraft:bamboo":10,"minecraft:wooden_pickaxe":1},"minecraft:killed_by":{"minecraft:creeper":1,"minecraft:spider":1,"minecraft:skeleton":1,"minecraft:zombie":3},"minecraft:used":{"minecraft:cherry_sapling":51,"vtaw_mw:iron_katana":169,"vtaw_mw:stone_katana":49,"minecraft:polished_deepslate":22,"minecraft:iron_shovel":1061,"minecraft:stone_shovel":1829,"minecraft:ladder":9,"minecraft:polished_basalt":1,"minecraft:chest":14,"minecraft:cooked_chicken":1,"minecraft:torch":152,"minecraft:dirt":595,"minecraft:hopper":2,"minecraft:orange_wool":61,"minecraft:polished_deepslate_stairs":30,"minecraft:wooden_axe":49,"minecraft:lantern":2,"minecraft:red_wool":44,"minecraft:cherry_slab":188,"minecraft:iron_axe":553,"minecraft:grass_block":569,"minecraft:crimson_slab":86,"minecraft:cherry_trapdoor":247,"minecraft:cherry_button":27,"minecraft:cherry_leaves":8,"minecraft:cherry_fence_gate":56,"minecraft:crimson_planks":65,"minecraft:stone_brick_stairs":49,"minecraft:stone_bricks":12,"minecraft:smooth_basalt":1,"minecraft:bamboo":1,"minecraft:basalt":1,"minecraft:scaffolding":175,"minecraft:furnace":1,"alexsmobs:banana":1,"minecraft:cooked_beef":6,"minecraft:cobbled_deepslate":35,"minecraft:cherry_fence":115,"minecraft:cherry_log":608,"minecraft:calcite":218,"minecraft:deepslate_brick_wall":88,"minecraft:cooked_mutton":13,"minecraft:stone_pickaxe":749,"minecraft:wooden_pickaxe":3,"minecraft:cherry_planks":12,"minecraft:stonecutter":1,"minecraft:deepslate_bricks":33,"minecraft:white_wool":59,"minecraft:polished_deepslate_slab":164,"minecraft:crafting_table":22,"minecraft:white_bed":3,"minecraft:stone_brick_wall":30,"minecraft:smoker":1,"minecraft:black_wool":16,"minecraft:apple":13,"minecraft:cherry_hanging_sign":47,"minecraft:cherry_door":9,"minecraft:bread":8,"minecraft:iron_pickaxe":251,"minecraft:yellow_wool":47,"minecraft:stone_axe":900,"minecraft:pink_petals":8,"minecraft:cobblestone":42,"minecraft:cherry_stairs":249,"minecraft:crimson_stairs":90,"minecraft:cooked_porkchop":24,"minecraft:yellow_bed":1,"alexsmobs:animal_dictionary":1,"minecraft:stripped_cherry_log":78,"minecraft:gray_wool":18,"minecraft:bone_meal":8,"minecraft:smooth_stone":477}},"DataVersion":3465}