{"stats":{"minecraft:dropped":{"minecraft:wheat_seeds":45,"minecraft:oak_log":1,"minecraft:oak_fence":1,"minecraft:leather":2,"minecraft:oxeye_daisy":2,"minecraft:dirt":4,"minecraft:cornflower":4,"minecraft:wooden_axe":1,"minecraft:iron_axe":1,"minecraft:pink_petals":3,"minecraft:dandelion":8,"minecraft:bone":1,"minecraft:gravel":3,"minecraft:stone_axe":1,"minecraft:moss_carpet":2,"alexsmobs:maggot":2,"minecraft:rotten_flesh":11,"minecraft:oak_sapling":1,"minecraft:bamboo":10,"minecraft:wooden_pickaxe":1},"minecraft:broken":{"minecraft:iron_shovel":4,"minecraft:stone_pickaxe":5,"minecraft:iron_axe":2,"minecraft:stone_axe":2,"minecraft:iron_pickaxe":1,"minecraft:stone_shovel":12},"minecraft:crafted":{"minecraft:cherry_planks":336,"minecraft:oak_planks":176,"minecraft:stone_shovel":14,"minecraft:cooked_chicken":1,"minecraft:furnace":1,"minecraft:cooked_mutton":11,"minecraft:cherry_trapdoor":74,"minecraft:iron_axe":2,"minecraft:cherry_stairs":44,"minecraft:stone_pickaxe":11,"minecraft:chest":14,"minecraft:cherry_fence":18,"minecraft:cherry_fence_gate":3,"minecraft:cooked_beef":6,"minecraft:cooked_porkchop":24,"minecraft:crafting_table":2,"minecraft:wooden_pickaxe":1,"minecraft:stone_axe":6,"vtaw_mw:stone_katana":1,"minecraft:air":0,"vtaw_mw:iron_katana":1,"minecraft:stick":4,"minecraft:iron_ingot":15,"minecraft:iron_pickaxe":1,"minecraft:wooden_axe":1,"minecraft:cherry_door":3,"minecraft:iron_shovel":4,"minecraft:torch":116},"minecraft:killed_by":{"minecraft:creeper":1,"minecraft:spider":1,"minecraft:skeleton":1,"minecraft:zombie":3},"minecraft:killed":{"minecraft:spider":3,"minecraft:skeleton":1,"minecraft:chicken":2,"minecraft:pig":11,"minecraft:creeper":1,"minecraft:sheep":8,"minecraft:zombie":9,"alexsmobs:fly":1,"minecraft:cow":3},"minecraft:used":{"vtaw_mw:iron_katana":156,"minecraft:cherry_sapling":42,"vtaw_mw:stone_katana":49,"minecraft:iron_shovel":1061,"minecraft:stone_shovel":1829,"minecraft:polished_basalt":1,"minecraft:chest":13,"minecraft:cooked_chicken":1,"minecraft:torch":128,"minecraft:dirt":595,"minecraft:orange_wool":61,"minecraft:wooden_axe":49,"minecraft:red_wool":44,"minecraft:iron_axe":553,"minecraft:grass_block":569,"minecraft:cherry_trapdoor":172,"minecraft:cherry_leaves":6,"minecraft:cherry_fence_gate":44,"minecraft:stone_brick_stairs":49,"minecraft:stone_bricks":12,"minecraft:smooth_basalt":1,"minecraft:bamboo":1,"minecraft:basalt":1,"minecraft:scaffolding":6,"minecraft:furnace":1,"minecraft:cobbled_deepslate":33,"minecraft:cherry_fence":86,"minecraft:cherry_log":416,"minecraft:calcite":193,"minecraft:deepslate_brick_wall":69,"minecraft:cooked_mutton":4,"minecraft:stone_pickaxe":724,"minecraft:wooden_pickaxe":3,"minecraft:cherry_planks":8,"minecraft:stonecutter":1,"minecraft:deepslate_bricks":29,"minecraft:white_wool":59,"minecraft:crafting_table":15,"minecraft:white_bed":3,"minecraft:stone_brick_wall":30,"minecraft:smoker":1,"minecraft:black_wool":16,"minecraft:apple":9,"minecraft:cherry_hanging_sign":3,"minecraft:cherry_door":2,"minecraft:bread":8,"minecraft:iron_pickaxe":251,"minecraft:yellow_wool":47,"minecraft:stone_axe":537,"minecraft:pink_petals":8,"minecraft:cobblestone":42,"minecraft:cherry_stairs":171,"minecraft:cooked_porkchop":24,"minecraft:yellow_bed":1,"alexsmobs:animal_dictionary":1,"minecraft:stripped_cherry_log":29,"minecraft:smooth_stone":477,"minecraft:gray_wool":18,"minecraft:bone_meal":8},"minecraft:mined":{"minecraft:white_bed":3,"minecraft:cherry_log":569,"minecraft:cherry_sapling":3,"minecraft:stripped_cherry_log":1,"minecraft:cherry_trapdoor":25,"minecraft:granite":6,"minecraft:acacia_log":37,"minecraft:grass_block":1334,"minecraft:jungle_log":57,"minecraft:deepslate_bricks":4,"minecraft:oxeye_daisy":2,"minecraft:polished_basalt":1,"minecraft:iron_ore":11,"minecraft:andesite":34,"minecraft:pumpkin":8,"minecraft:vine":6,"minecraft:deepslate_iron_ore":4,"minecraft:dirt_path":54,"minecraft:azalea_leaves":1,"minecraft:bamboo":3,"minecraft:stone":789,"minecraft:cherry_stairs":6,"minecraft:deepslate_brick_wall":4,"minecraft:smoker":1,"minecraft:basalt":1,"minecraft:dandelion":4,"minecraft:crafting_table":13,"minecraft:cornflower":1,"minecraft:torch":19,"minecraft:calcite":3,"minecraft:chest":1,"minecraft:tall_grass":34,"minecraft:copper_ore":4,"minecraft:cobblestone":9,"minecraft:diorite":22,"minecraft:wall_torch":6,"minecraft:pink_petals":1,"minecraft:birch_log":38,"minecraft:birch_leaves":1,"minecraft:cherry_door":1,"minecraft:yellow_bed":1,"minecraft:grass":338,"minecraft:oak_log":180,"minecraft:coal_ore":60,"minecraft:cocoa":1,"minecraft:cherry_leaves":2,"minecraft:gravel":1,"minecraft:dirt":1264,"minecraft:smooth_basalt":1,"minecraft:oak_leaves":11,"minecraft:deepslate":12,"minecraft:fern":2},"minecraft:picked_up":{"minecraft:wooden_axe":1,"minecraft:cocoa_beans":10,"minecraft:crafting_table":14,"minecraft:azure_bluet":2,"minecraft:chicken":1,"minecraft:wooden_pickaxe":1,"minecraft:stripped_cherry_log":1,"minecraft:cornflower":6,"minecraft:raw_copper":14,"minecraft:moss_carpet":2,"minecraft:iron_axe":1,"alexsmobs:banana":1,"minecraft:cobbled_deepslate":13,"minecraft:beef":6,"minecraft:calcite":2,"minecraft:jungle_sapling":7,"minecraft:poppy":2,"minecraft:chest":1,"minecraft:birch_sapling":7,"minecraft:cherry_trapdoor":25,"minecraft:stick":293,"minecraft:raw_iron":15,"minecraft:cherry_stairs":6,"minecraft:deepslate_brick_wall":4,"minecraft:oak_fence":1,"minecraft:torch":32,"minecraft:acacia_log":32,"minecraft:porkchop":24,"minecraft:cherry_log":559,"minecraft:diorite":22,"minecraft:rotten_flesh":11,"minecraft:arrow":6,"minecraft:deepslate_bricks":4,"minecraft:polished_basalt":1,"minecraft:mutton":11,"minecraft:white_wool":8,"minecraft:cobblestone":779,"minecraft:oxeye_daisy":3,"minecraft:birch_log":38,"minecraft:pink_petals":3,"minecraft:feather":2,"minecraft:basalt":1,"minecraft:andesite":28,"minecraft:jungle_log":57,"minecraft:leather":2,"minecraft:smoker":1,"minecraft:oak_log":180,"minecraft:yellow_bed":1,"minecraft:cherry_door":1,"minecraft:dirt":2634,"minecraft:bone":4,"minecraft:apple":14,"minecraft:wheat_seeds":65,"minecraft:bamboo":35,"minecraft:acacia_sapling":9,"minecraft:oak_planks":156,"minecraft:scaffolding":5,"minecraft:smooth_basalt":1,"minecraft:pumpkin":8,"minecraft:dandelion":17,"minecraft:gravel":3,"minecraft:white_bed":3,"minecraft:granite":6,"minecraft:cherry_sapling":323,"minecraft:bread":5,"alexsmobs:maggot":2,"minecraft:oak_sapling":109,"minecraft:coal":60},"minecraft:custom":{"minecraft:mob_kills":41,"minecraft:interact_with_crafting_table":48,"minecraft:bell_ring":1,"minecraft:leave_game":11,"minecraft:time_since_death":286305,"minecraft:climb_one_cm":6023,"minecraft:sprint_one_cm":658142,"minecraft:walk_one_cm":1156234,"minecraft:drop":45,"minecraft:talked_to_villager":3,"minecraft:play_time":386769,"minecraft:deaths":8,"minecraft:sneak_time":14530,"minecraft:walk_under_water_one_cm":8421,"minecraft:jump":2720,"minecraft:interact_with_brewingstand":1,"minecraft:walk_on_water_one_cm":1314,"minecraft:total_world_time":386769,"minecraft:interact_with_furnace":10,"minecraft:interact_with_stonecutter":2,"minecraft:sleep_in_bed":20,"minecraft:time_since_rest":48876,"minecraft:damage_taken":4947,"minecraft:damage_dealt":5165,"minecraft:swim_one_cm":1800,"minecraft:fly_one_cm":1003097,"minecraft:open_chest":196,"minecraft:crouch_one_cm":24786,"minecraft:interact_with_smoker":29,"minecraft:fall_one_cm":73515}},"DataVersion":3465}