{"stats":{"minecraft:used":{"minecraft:cherry_sapling":64,"vtaw_mw:iron_katana":203,"vtaw_mw:stone_katana":49,"minecraft:iron_shovel":1061,"minecraft:polished_deepslate":31,"minecraft:stone_shovel":1829,"minecraft:ladder":20,"minecraft:chest":14,"minecraft:polished_basalt":1,"minecraft:quartz_stairs":25,"minecraft:cooked_chicken":1,"minecraft:torch":161,"minecraft:dirt":595,"minecraft:hopper":2,"minecraft:cherry_pressure_plate":8,"minecraft:orange_wool":61,"minecraft:deepslate_brick_slab":1636,"minecraft:polished_deepslate_stairs":47,"minecraft:wooden_axe":49,"minecraft:red_wool":44,"minecraft:cherry_slab":266,"minecraft:lantern":39,"minecraft:iron_axe":553,"minecraft:grass_block":569,"minecraft:crimson_slab":137,"minecraft:cherry_trapdoor":340,"minecraft:cherry_leaves":8,"minecraft:cherry_button":27,"minecraft:cherry_fence_gate":95,"minecraft:crimson_planks":110,"minecraft:stone_brick_stairs":49,"minecraft:stone_bricks":12,"minecraft:smooth_basalt":1,"minecraft:bamboo":1,"minecraft:basalt":1,"minecraft:scaffolding":204,"minecraft:furnace":1,"alexsmobs:banana":1,"minecraft:cooked_beef":6,"minecraft:cherry_fence":186,"minecraft:cobbled_deepslate":35,"minecraft:cherry_log":645,"minecraft:calcite":351,"minecraft:deepslate_brick_wall":212,"minecraft:cooked_mutton":14,"minecraft:stone_pickaxe":783,"minecraft:wooden_pickaxe":3,"minecraft:cherry_planks":12,"minecraft:stonecutter":1,"minecraft:deepslate_bricks":45,"minecraft:smooth_quartz_stairs":1,"minecraft:white_wool":59,"minecraft:polished_deepslate_slab":353,"minecraft:crafting_table":23,"minecraft:white_bed":3,"minecraft:stone_brick_wall":30,"minecraft:smoker":1,"minecraft:deepslate_tile_wall":1,"minecraft:black_wool":16,"minecraft:apple":13,"minecraft:cherry_hanging_sign":47,"minecraft:cherry_door":11,"minecraft:bread":8,"minecraft:iron_pickaxe":251,"minecraft:yellow_wool":47,"minecraft:stone_axe":1099,"minecraft:pink_petals":8,"minecraft:cobblestone":43,"minecraft:cherry_stairs":278,"minecraft:crimson_stairs":188,"minecraft:cooked_porkchop":24,"minecraft:chain":8,"minecraft:yellow_bed":1,"alexsmobs:animal_dictionary":1,"minecraft:stripped_cherry_log":119,"minecraft:gray_wool":18,"minecraft:bone_meal":8,"minecraft:smooth_stone":477},"minecraft:crafted":{"minecraft:cherry_planks":1096,"minecraft:oak_planks":176,"minecraft:stone_shovel":14,"minecraft:cherry_pressure_plate":8,"minecraft:cherry_slab":276,"minecraft:cooked_chicken":1,"minecraft:furnace":1,"minecraft:cooked_mutton":17,"minecraft:cherry_trapdoor":136,"minecraft:polished_deepslate":192,"minecraft:iron_axe":2,"minecraft:ladder":24,"minecraft:cherry_stairs":100,"minecraft:stone_pickaxe":11,"minecraft:chest":15,"minecraft:deepslate_tile_wall":1,"minecraft:cherry_fence":120,"minecraft:cherry_fence_gate":56,"minecraft:cooked_beef":6,"minecraft:cooked_porkchop":24,"minecraft:crafting_table":3,"minecraft:wooden_pickaxe":1,"minecraft:cherry_button":24,"minecraft:stone_axe":9,"minecraft:polished_deepslate_slab":84,"vtaw_mw:stone_katana":1,"minecraft:air":0,"minecraft:stick":84,"vtaw_mw:iron_katana":1,"minecraft:iron_ingot":15,"minecraft:iron_pickaxe":1,"minecraft:wooden_axe":1,"minecraft:iron_shovel":4,"minecraft:cherry_door":9,"minecraft:torch":116},"minecraft:picked_up":{"minecraft:wooden_axe":1,"minecraft:cocoa_beans":10,"minecraft:crafting_table":21,"minecraft:azure_bluet":2,"minecraft:chicken":1,"minecraft:ladder":1,"minecraft:wooden_pickaxe":1,"minecraft:stripped_cherry_log":24,"minecraft:crimson_planks":2,"minecraft:polished_deepslate":3,"minecraft:cornflower":6,"minecraft:raw_copper":14,"minecraft:moss_carpet":2,"minecraft:iron_axe":1,"alexsmobs:banana":1,"minecraft:cobbled_deepslate":14,"minecraft:beef":6,"minecraft:calcite":6,"minecraft:jungle_sapling":7,"minecraft:poppy":6,"minecraft:deepslate_tile_wall":1,"minecraft:quartz_stairs":9,"minecraft:smooth_quartz_stairs":1,"minecraft:chest":1,"minecraft:birch_sapling":7,"minecraft:cherry_button":11,"minecraft:cherry_trapdoor":62,"minecraft:stick":406,"minecraft:raw_iron":15,"minecraft:polished_deepslate_slab":22,"minecraft:cherry_stairs":29,"minecraft:deepslate_brick_wall":9,"minecraft:polished_deepslate_stairs":12,"minecraft:oak_fence":1,"minecraft:torch":44,"minecraft:acacia_log":32,"minecraft:porkchop":24,"minecraft:cherry_log":891,"minecraft:diorite":22,"minecraft:cherry_fence_gate":2,"minecraft:arrow":6,"minecraft:rotten_flesh":13,"minecraft:deepslate_bricks":4,"minecraft:polished_basalt":1,"minecraft:mutton":17,"minecraft:crimson_slab":5,"minecraft:white_wool":11,"minecraft:cobblestone":781,"minecraft:oxeye_daisy":3,"minecraft:birch_log":38,"minecraft:pink_petals":3,"minecraft:feather":2,"minecraft:basalt":1,"minecraft:andesite":28,"minecraft:jungle_log":57,"minecraft:leather":2,"minecraft:smoker":1,"minecraft:oak_log":180,"minecraft:cherry_fence":4,"minecraft:yellow_bed":1,"minecraft:cherry_door":3,"minecraft:dirt":2645,"minecraft:lantern":1,"minecraft:bone":4,"minecraft:apple":14,"minecraft:wheat_seeds":66,"minecraft:iron_ingot":4,"minecraft:bamboo":43,"minecraft:acacia_sapling":9,"minecraft:oak_planks":156,"minecraft:scaffolding":190,"minecraft:smooth_basalt":1,"minecraft:pumpkin":8,"minecraft:dandelion":17,"minecraft:gravel":3,"minecraft:crimson_stairs":4,"minecraft:white_bed":3,"minecraft:cherry_hanging_sign":4,"minecraft:granite":6,"minecraft:cherry_sapling":532,"minecraft:gray_wool":1,"minecraft:bread":5,"alexsmobs:maggot":2,"minecraft:oak_sapling":109,"minecraft:cherry_slab":11,"minecraft:coal":60,"minecraft:hopper":1},"minecraft:killed_by":{"minecraft:creeper":1,"minecraft:spider":1,"minecraft:skeleton":1,"minecraft:zombie":3},"minecraft:dropped":{"minecraft:wheat_seeds":46,"minecraft:oak_log":1,"minecraft:oak_fence":1,"minecraft:cobblestone":1,"minecraft:leather":2,"minecraft:cherry_hanging_sign":2,"minecraft:oxeye_daisy":2,"minecraft:dirt":4,"minecraft:cherry_trapdoor":1,"minecraft:cornflower":4,"minecraft:wooden_axe":1,"minecraft:iron_axe":1,"minecraft:pink_petals":4,"minecraft:polished_deepslate":1,"minecraft:dandelion":8,"minecraft:bone":1,"minecraft:gravel":3,"minecraft:stone_axe":3,"minecraft:moss_carpet":2,"alexsmobs:maggot":2,"minecraft:cobbled_deepslate":1,"minecraft:rotten_flesh":11,"minecraft:poppy":4,"minecraft:oak_sapling":1,"minecraft:bamboo":10,"minecraft:wooden_pickaxe":1},"minecraft:killed":{"minecraft:spider":3,"minecraft:horse":1,"minecraft:skeleton":1,"minecraft:chicken":2,"minecraft:pig":11,"minecraft:creeper":1,"minecraft:sheep":12,"minecraft:pillager":6,"minecraft:zombie":10,"alexsmobs:fly":3,"minecraft:cow":3},"minecraft:broken":{"minecraft:iron_shovel":4,"minecraft:stone_pickaxe":5,"minecraft:iron_axe":2,"minecraft:stone_axe":3,"minecraft:iron_pickaxe":1,"minecraft:stone_shovel":12},"minecraft:custom":{"minecraft:mob_kills":55,"minecraft:inspect_hopper":1,"minecraft:interact_with_crafting_table":89,"minecraft:bell_ring":1,"minecraft:leave_game":13,"minecraft:time_since_death":46735,"minecraft:climb_one_cm":107605,"minecraft:sprint_one_cm":1102829,"minecraft:walk_one_cm":1827937,"minecraft:drop":58,"minecraft:talked_to_villager":3,"minecraft:play_time":695024,"minecraft:sneak_time":38949,"minecraft:deaths":17,"minecraft:walk_under_water_one_cm":8421,"minecraft:jump":4838,"minecraft:interact_with_brewingstand":1,"minecraft:walk_on_water_one_cm":2905,"minecraft:total_world_time":695024,"minecraft:interact_with_furnace":10,"minecraft:interact_with_stonecutter":10,"minecraft:sleep_in_bed":38,"minecraft:time_since_rest":2233,"minecraft:damage_taken":9472,"minecraft:damage_dealt":7265,"minecraft:swim_one_cm":1800,"minecraft:fly_one_cm":1549502,"minecraft:open_chest":267,"minecraft:crouch_one_cm":87528,"minecraft:interact_with_smoker":34,"minecraft:fall_one_cm":167744},"minecraft:mined":{"minecraft:white_bed":3,"minecraft:quartz_stairs":9,"minecraft:cherry_log":904,"minecraft:cherry_sapling":5,"minecraft:stripped_cherry_log":24,"minecraft:ladder":1,"minecraft:cherry_trapdoor":62,"minecraft:granite":6,"minecraft:acacia_log":37,"minecraft:deepslate_tile_wall":1,"minecraft:grass_block":1341,"minecraft:jungle_log":57,"minecraft:deepslate_bricks":4,"minecraft:hopper":1,"minecraft:oxeye_daisy":2,"minecraft:iron_ore":11,"minecraft:polished_basalt":1,"minecraft:cobbled_deepslate":2,"minecraft:fire":6,"minecraft:andesite":34,"minecraft:pumpkin":8,"minecraft:polished_deepslate":3,"minecraft:dirt_path":54,"minecraft:polished_deepslate_slab":16,"minecraft:deepslate_iron_ore":4,"minecraft:vine":6,"minecraft:cherry_hanging_sign":1,"minecraft:lantern":1,"minecraft:smooth_quartz_stairs":1,"minecraft:azalea_leaves":1,"minecraft:bamboo":3,"minecraft:stone":792,"minecraft:cherry_fence_gate":2,"minecraft:cherry_stairs":29,"minecraft:scaffolding":112,"minecraft:polished_deepslate_stairs":12,"minecraft:deepslate_brick_wall":9,"minecraft:smoker":1,"minecraft:basalt":1,"minecraft:dandelion":4,"minecraft:crafting_table":20,"minecraft:cornflower":1,"minecraft:torch":22,"minecraft:calcite":7,"minecraft:chest":1,"minecraft:crimson_slab":5,"minecraft:copper_ore":4,"minecraft:tall_grass":34,"minecraft:cobblestone":9,"minecraft:diorite":22,"minecraft:crimson_stairs":4,"minecraft:wall_torch":13,"minecraft:cherry_slab":9,"minecraft:pink_petals":1,"minecraft:cherry_fence":4,"minecraft:birch_log":38,"minecraft:cherry_wall_hanging_sign":2,"minecraft:birch_leaves":1,"minecraft:cherry_door":3,"minecraft:yellow_bed":1,"minecraft:grass":341,"minecraft:oak_log":180,"minecraft:coal_ore":60,"minecraft:cocoa":1,"minecraft:cherry_button":11,"minecraft:cherry_leaves":2,"minecraft:gravel":1,"minecraft:dirt":1271,"minecraft:crimson_planks":2,"minecraft:smooth_basalt":1,"minecraft:oak_leaves":11,"minecraft:deepslate":12,"minecraft:fern":2}},"DataVersion":3465}