{"stats":{"minecraft:custom":{"minecraft:interact_with_furnace":4,"minecraft:mob_kills":3,"minecraft:interact_with_crafting_table":10,"minecraft:bell_ring":1,"minecraft:leave_game":9,"minecraft:time_since_death":58286,"minecraft:sleep_in_bed":5,"minecraft:climb_one_cm":3009,"minecraft:time_since_rest":12398,"minecraft:sprint_one_cm":193337,"minecraft:damage_taken":1505,"minecraft:walk_one_cm":169629,"minecraft:drop":8,"minecraft:damage_dealt":230,"minecraft:swim_one_cm":1800,"minecraft:fly_one_cm":565472,"minecraft:open_chest":34,"minecraft:crouch_one_cm":4108,"minecraft:play_time":72472,"minecraft:deaths":4,"minecraft:sneak_time":2075,"minecraft:walk_under_water_one_cm":8421,"minecraft:jump":614,"minecraft:interact_with_brewingstand":1,"minecraft:walk_on_water_one_cm":945,"minecraft:interact_with_smoker":8,"minecraft:total_world_time":72472,"minecraft:fall_one_cm":23652},"minecraft:killed_by":{"minecraft:creeper":1,"minecraft:spider":1},"minecraft:picked_up":{"minecraft:wooden_axe":1,"minecraft:crafting_table":5,"minecraft:feather":2,"minecraft:chicken":1,"minecraft:wooden_pickaxe":1,"minecraft:smoker":1,"minecraft:oak_log":75,"minecraft:yellow_bed":1,"minecraft:dirt":259,"minecraft:moss_carpet":1,"minecraft:bone":2,"minecraft:apple":10,"minecraft:wheat_seeds":25,"minecraft:bamboo":25,"minecraft:oak_planks":156,"minecraft:acacia_sapling":9,"minecraft:stick":129,"minecraft:oak_fence":1,"minecraft:acacia_log":32,"minecraft:torch":5,"minecraft:dandelion":2,"minecraft:cherry_log":207,"minecraft:white_bed":2,"minecraft:arrow":4,"minecraft:rotten_flesh":2,"minecraft:cherry_sapling":135,"minecraft:bread":5,"minecraft:oak_sapling":68,"minecraft:coal":15,"minecraft:cobblestone":61},"minecraft:killed":{"minecraft:zombie":1,"minecraft:chicken":2},"minecraft:crafted":{"minecraft:oak_planks":168,"minecraft:stone_shovel":2,"minecraft:crafting_table":1,"minecraft:wooden_pickaxe":1,"minecraft:cooked_chicken":1,"minecraft:furnace":1,"minecraft:stone_axe":3,"minecraft:air":0,"minecraft:stick":4,"minecraft:stone_pickaxe":1,"minecraft:wooden_axe":1,"minecraft:chest":4,"minecraft:torch":40},"minecraft:broken":{"minecraft:stone_axe":2,"minecraft:stone_shovel":1},"minecraft:dropped":{"minecraft:moss_carpet":1,"minecraft:wheat_seeds":12,"minecraft:oak_fence":1,"minecraft:rotten_flesh":2,"minecraft:wooden_axe":1,"minecraft:wooden_pickaxe":1,"minecraft:dandelion":2,"minecraft:bone":1},"minecraft:used":{"minecraft:cherry_sapling":1,"minecraft:stone_shovel":265,"minecraft:stone_pickaxe":80,"minecraft:chest":4,"minecraft:wooden_pickaxe":3,"minecraft:torch":11,"minecraft:dirt":40,"minecraft:crafting_table":5,"minecraft:white_bed":2,"minecraft:smoker":1,"minecraft:wooden_axe":49,"minecraft:apple":5,"minecraft:bread":8,"minecraft:bamboo":1,"minecraft:stone_axe":317,"minecraft:cobblestone":3,"minecraft:furnace":1,"minecraft:yellow_bed":1,"minecraft:bone_meal":8},"minecraft:mined":{"minecraft:white_bed":2,"minecraft:smoker":1,"minecraft:cherry_log":208,"minecraft:dandelion":2,"minecraft:crafting_table":4,"minecraft:torch":4,"minecraft:acacia_log":37,"minecraft:grass_block":136,"minecraft:tall_grass":17,"minecraft:cobblestone":9,"minecraft:wall_torch":1,"minecraft:yellow_bed":1,"minecraft:grass":124,"minecraft:coal_ore":15,"minecraft:oak_log":75,"minecraft:vine":2,"minecraft:dirt":124,"minecraft:azalea_leaves":1,"minecraft:bamboo":2,"minecraft:stone":54,"minecraft:oak_leaves":8}},"DataVersion":3465}