{"stats":{"minecraft:killed_by":{"minecraft:creeper":1,"minecraft:spider":1,"minecraft:skeleton":1,"minecraft:zombie":3},"minecraft:custom":{"minecraft:mob_kills":38,"minecraft:interact_with_crafting_table":34,"minecraft:bell_ring":1,"minecraft:leave_game":10,"minecraft:time_since_death":123728,"minecraft:climb_one_cm":3571,"minecraft:sprint_one_cm":475706,"minecraft:walk_one_cm":757590,"minecraft:drop":41,"minecraft:talked_to_villager":3,"minecraft:play_time":224192,"minecraft:deaths":8,"minecraft:sneak_time":7819,"minecraft:walk_under_water_one_cm":8421,"minecraft:jump":1799,"minecraft:interact_with_brewingstand":1,"minecraft:walk_on_water_one_cm":1314,"minecraft:total_world_time":224192,"minecraft:interact_with_furnace":10,"minecraft:sleep_in_bed":13,"minecraft:time_since_rest":54518,"minecraft:damage_taken":3441,"minecraft:damage_dealt":4587,"minecraft:swim_one_cm":1800,"minecraft:fly_one_cm":759914,"minecraft:open_chest":113,"minecraft:crouch_one_cm":15374,"minecraft:interact_with_smoker":26,"minecraft:fall_one_cm":47943},"minecraft:mined":{"minecraft:white_bed":2,"minecraft:cherry_log":473,"minecraft:granite":6,"minecraft:acacia_log":37,"minecraft:grass_block":1326,"minecraft:jungle_log":57,"minecraft:oxeye_daisy":1,"minecraft:iron_ore":11,"minecraft:andesite":34,"minecraft:pumpkin":8,"minecraft:dirt_path":2,"minecraft:vine":6,"minecraft:deepslate_iron_ore":4,"minecraft:azalea_leaves":1,"minecraft:bamboo":3,"minecraft:stone":789,"minecraft:smoker":1,"minecraft:dandelion":2,"minecraft:crafting_table":12,"minecraft:cornflower":1,"minecraft:torch":7,"minecraft:tall_grass":32,"minecraft:copper_ore":4,"minecraft:cobblestone":9,"minecraft:diorite":22,"minecraft:wall_torch":6,"minecraft:pink_petals":1,"minecraft:birch_log":38,"minecraft:birch_leaves":1,"minecraft:yellow_bed":1,"minecraft:grass":315,"minecraft:coal_ore":60,"minecraft:oak_log":180,"minecraft:cocoa":1,"minecraft:gravel":1,"minecraft:dirt":1253,"minecraft:oak_leaves":11,"minecraft:deepslate":12,"minecraft:fern":2},"minecraft:picked_up":{"minecraft:wooden_axe":1,"minecraft:cocoa_beans":10,"minecraft:crafting_table":13,"minecraft:azure_bluet":2,"minecraft:chicken":1,"minecraft:wooden_pickaxe":1,"minecraft:cornflower":6,"minecraft:moss_carpet":2,"minecraft:raw_copper":14,"minecraft:iron_axe":1,"minecraft:cobbled_deepslate":13,"alexsmobs:banana":1,"minecraft:beef":6,"minecraft:jungle_sapling":7,"minecraft:poppy":2,"minecraft:birch_sapling":7,"minecraft:stick":254,"minecraft:raw_iron":15,"minecraft:oak_fence":1,"minecraft:torch":19,"minecraft:acacia_log":32,"minecraft:porkchop":24,"minecraft:cherry_log":463,"minecraft:diorite":22,"minecraft:arrow":4,"minecraft:rotten_flesh":9,"minecraft:mutton":11,"minecraft:white_wool":8,"minecraft:cobblestone":779,"minecraft:oxeye_daisy":3,"minecraft:birch_log":38,"minecraft:pink_petals":3,"minecraft:feather":2,"minecraft:andesite":28,"minecraft:jungle_log":57,"minecraft:leather":2,"minecraft:smoker":1,"minecraft:oak_log":180,"minecraft:yellow_bed":1,"minecraft:dirt":2563,"minecraft:bone":2,"minecraft:apple":14,"minecraft:wheat_seeds":62,"minecraft:bamboo":35,"minecraft:oak_planks":156,"minecraft:acacia_sapling":9,"minecraft:pumpkin":8,"minecraft:dandelion":15,"minecraft:gravel":3,"minecraft:white_bed":2,"minecraft:granite":6,"minecraft:cherry_sapling":263,"minecraft:bread":5,"alexsmobs:maggot":2,"minecraft:oak_sapling":109,"minecraft:coal":60},"minecraft:dropped":{"minecraft:wheat_seeds":45,"minecraft:oak_log":1,"minecraft:oak_fence":1,"minecraft:leather":2,"minecraft:oxeye_daisy":2,"minecraft:dirt":3,"minecraft:cornflower":4,"minecraft:wooden_axe":1,"minecraft:iron_axe":1,"minecraft:pink_petals":3,"minecraft:dandelion":8,"minecraft:bone":1,"minecraft:gravel":3,"minecraft:moss_carpet":2,"alexsmobs:maggot":2,"minecraft:rotten_flesh":9,"minecraft:oak_sapling":1,"minecraft:bamboo":10,"minecraft:wooden_pickaxe":1},"minecraft:crafted":{"minecraft:oak_planks":176,"minecraft:stone_shovel":12,"minecraft:cooked_chicken":1,"minecraft:furnace":1,"minecraft:cooked_mutton":11,"minecraft:iron_axe":2,"minecraft:stone_pickaxe":11,"minecraft:chest":10,"minecraft:cooked_beef":6,"minecraft:cooked_porkchop":23,"minecraft:crafting_table":2,"minecraft:wooden_pickaxe":1,"minecraft:stone_axe":3,"vtaw_mw:stone_katana":1,"minecraft:air":0,"minecraft:stick":4,"vtaw_mw:iron_katana":1,"minecraft:iron_ingot":15,"minecraft:iron_pickaxe":1,"minecraft:wooden_axe":1,"minecraft:iron_shovel":4,"minecraft:torch":116},"minecraft:used":{"minecraft:cherry_sapling":33,"vtaw_mw:iron_katana":142,"vtaw_mw:stone_katana":49,"minecraft:iron_shovel":1061,"minecraft:stone_shovel":1584,"minecraft:chest":10,"minecraft:cooked_chicken":1,"minecraft:torch":107,"minecraft:dirt":352,"minecraft:wooden_axe":49,"minecraft:grass_block":482,"minecraft:iron_axe":507,"minecraft:bamboo":1,"minecraft:furnace":1,"minecraft:stone_pickaxe":710,"minecraft:wooden_pickaxe":3,"minecraft:crafting_table":13,"minecraft:white_bed":2,"minecraft:smoker":1,"minecraft:apple":9,"minecraft:bread":8,"minecraft:iron_pickaxe":251,"minecraft:stone_axe":373,"minecraft:cobblestone":42,"minecraft:cooked_porkchop":10,"minecraft:yellow_bed":1,"alexsmobs:animal_dictionary":1,"minecraft:bone_meal":8},"minecraft:broken":{"minecraft:iron_shovel":4,"minecraft:stone_pickaxe":5,"minecraft:iron_axe":1,"minecraft:stone_axe":2,"minecraft:iron_pickaxe":1,"minecraft:stone_shovel":11},"minecraft:killed":{"minecraft:spider":2,"minecraft:chicken":2,"minecraft:pig":11,"minecraft:creeper":1,"minecraft:sheep":8,"minecraft:zombie":8,"alexsmobs:fly":1,"minecraft:cow":3}},"DataVersion":3465}