{"stats":{"minecraft:mined":{"minecraft:white_bed":4,"minecraft:lily_of_the_valley":1,"minecraft:cobblestone_stairs":5,"minecraft:cornflower":5,"minecraft:grass_block":62,"minecraft:poppy":1,"minecraft:tall_grass":32,"minecraft:cobblestone":35,"minecraft:oxeye_daisy":2,"minecraft:hay_block":8,"minecraft:birch_log":7,"minecraft:yellow_bed":2,"minecraft:peony":1,"minecraft:grass":346,"minecraft:coal_ore":9,"minecraft:oak_log":56,"minecraft:vine":1,"minecraft:dirt":71,"minecraft:stone":256,"minecraft:oak_leaves":3,"minecraft:fern":1},"minecraft:custom":{"minecraft:interact_with_furnace":1,"minecraft:mob_kills":7,"minecraft:interact_with_crafting_table":7,"minecraft:bell_ring":3,"minecraft:leave_game":3,"minecraft:time_since_death":34878,"minecraft:sleep_in_bed":3,"minecraft:climb_one_cm":244,"minecraft:time_since_rest":14460,"minecraft:sprint_one_cm":84883,"minecraft:damage_taken":520,"minecraft:walk_one_cm":105342,"minecraft:damage_dealt":939,"minecraft:swim_one_cm":2251,"minecraft:talked_to_villager":1,"minecraft:fly_one_cm":140330,"minecraft:open_chest":17,"minecraft:crouch_one_cm":793,"minecraft:play_time":34878,"minecraft:sneak_time":355,"minecraft:walk_under_water_one_cm":375,"minecraft:jump":724,"minecraft:walk_on_water_one_cm":412,"minecraft:total_world_time":34878,"minecraft:interact_with_smoker":1,"minecraft:fall_one_cm":25295},"minecraft:picked_up":{"minecraft:birch_log":7,"minecraft:leather":11,"minecraft:oak_log":49,"minecraft:yellow_bed":2,"minecraft:cobblestone_stairs":5,"minecraft:cornflower":5,"minecraft:dirt":131,"minecraft:apple":1,"minecraft:wheat_seeds":47,"minecraft:beef":15,"minecraft:poppy":1,"minecraft:birch_sapling":1,"minecraft:stick":15,"minecraft:white_bed":4,"minecraft:lily_of_the_valley":1,"minecraft:peony":1,"minecraft:hay_block":8,"minecraft:oak_sapling":11,"minecraft:coal":9,"minecraft:cobblestone":290,"minecraft:oxeye_daisy":4},"minecraft:used":{"minecraft:stone_shovel":139,"minecraft:stone_pickaxe":317,"minecraft:wooden_pickaxe":13,"minecraft:torch":4,"minecraft:dirt":38,"minecraft:crafting_table":2,"minecraft:white_bed":4,"minecraft:wooden_axe":71,"minecraft:apple":3,"minecraft:bread":7,"minecraft:stone_axe":38,"minecraft:cobblestone":124,"minecraft:yellow_bed":2,"alexsmobs:animal_dictionary":2},"minecraft:crafted":{"minecraft:oak_planks":16,"minecraft:stone_shovel":2,"minecraft:crafting_table":2,"minecraft:wooden_pickaxe":1,"minecraft:stone_axe":1,"minecraft:bread":21,"minecraft:stick":4,"minecraft:stone_pickaxe":2,"minecraft:wooden_axe":1,"minecraft:torch":12,"minecraft:wheat":72},"minecraft:broken":{"minecraft:stone_pickaxe":2,"minecraft:wooden_axe":1,"minecraft:stone_shovel":1},"minecraft:killed":{"minecraft:cow":7}},"DataVersion":3465}