{"stats":{"minecraft:used":{"minecraft:wooden_axe":71,"minecraft:apple":3,"minecraft:stone_pickaxe":210,"minecraft:stone_shovel":54,"minecraft:wooden_pickaxe":13,"minecraft:stone_axe":24,"minecraft:torch":3,"minecraft:dirt":2,"minecraft:crafting_table":2},"minecraft:mined":{"minecraft:hay_block":8,"minecraft:birch_log":7,"minecraft:lily_of_the_valley":1,"minecraft:peony":1,"minecraft:grass":8,"minecraft:coal_ore":9,"minecraft:grass_block":11,"minecraft:oak_log":56,"minecraft:vine":1,"minecraft:dirt":41,"minecraft:tall_grass":5,"minecraft:stone":214,"minecraft:oxeye_daisy":1,"minecraft:fern":1},"minecraft:crafted":{"minecraft:oak_planks":16,"minecraft:stone_shovel":1,"minecraft:crafting_table":2,"minecraft:stick":4,"minecraft:wooden_pickaxe":1,"minecraft:stone_pickaxe":2,"minecraft:wooden_axe":1,"minecraft:torch":12,"minecraft:stone_axe":1,"minecraft:bread":21,"minecraft:wheat":72},"minecraft:picked_up":{"minecraft:birch_log":7,"minecraft:stick":15,"minecraft:leather":11,"minecraft:oak_log":49,"minecraft:lily_of_the_valley":1,"minecraft:dirt":52,"minecraft:apple":1,"minecraft:wheat_seeds":5,"minecraft:peony":1,"minecraft:hay_block":8,"minecraft:beef":15,"minecraft:oak_sapling":11,"minecraft:coal":9,"minecraft:birch_sapling":1,"minecraft:cobblestone":214,"minecraft:oxeye_daisy":1},"minecraft:killed":{"minecraft:cow":7},"minecraft:custom":{"minecraft:time_since_rest":7578,"minecraft:sprint_one_cm":42425,"minecraft:damage_taken":195,"minecraft:walk_one_cm":42059,"minecraft:mob_kills":7,"minecraft:damage_dealt":697,"minecraft:swim_one_cm":2251,"minecraft:interact_with_crafting_table":5,"minecraft:fly_one_cm":66069,"minecraft:open_chest":3,"minecraft:play_time":16070,"minecraft:sneak_time":41,"minecraft:walk_under_water_one_cm":375,"minecraft:jump":320,"minecraft:leave_game":1,"minecraft:time_since_death":16070,"minecraft:walk_on_water_one_cm":412,"minecraft:sleep_in_bed":2,"minecraft:climb_one_cm":36,"minecraft:total_world_time":16070,"minecraft:fall_one_cm":10728},"minecraft:broken":{"minecraft:stone_pickaxe":1,"minecraft:wooden_axe":1}},"DataVersion":3465}