{"stats":{"minecraft:picked_up":{"minecraft:oak_log":1},"minecraft:mined":{"minecraft:oak_log":1},"minecraft:custom":{"minecraft:jump":53,"minecraft:open_chest":3,"minecraft:time_since_rest":4393,"minecraft:damage_dealt":32,"minecraft:crouch_one_cm":175,"minecraft:sprint_one_cm":13327,"minecraft:deaths":1,"minecraft:play_time":6606,"minecraft:damage_taken":315,"minecraft:time_since_death":5536,"minecraft:walk_one_cm":11672,"minecraft:sleep_in_bed":1,"minecraft:sneak_time":43,"minecraft:total_world_time":6606,"minecraft:fall_one_cm":1105,"minecraft:fly_one_cm":12767,"minecraft:leave_game":1},"minecraft:killed_by":{"minecraft:zombie":1}},"DataVersion":3465}