{"stats":{"minecraft:mined":{"minecraft:white_bed":5,"minecraft:oak_sapling":1,"minecraft:oak_door":2,"minecraft:cobblestone_stairs":7,"minecraft:grass_block":239,"minecraft:composter":2,"minecraft:oak_wall_sign":1,"minecraft:oxeye_daisy":7,"minecraft:hay_block":46,"minecraft:oak_trapdoor":15,"minecraft:fire":12,"minecraft:peony":1,"minecraft:bell":2,"minecraft:cobblestone_slab":23,"minecraft:water_cauldron":1,"minecraft:vine":1,"minecraft:oak_stairs":47,"minecraft:birch_wall_sign":4,"minecraft:stone":689,"minecraft:white_wool":6,"minecraft:oak_slab":4,"minecraft:glass_pane":1,"minecraft:lily_of_the_valley":1,"minecraft:smoker":1,"minecraft:dandelion":1,"minecraft:crafting_table":1,"minecraft:cornflower":7,"minecraft:torch":4,"minecraft:poppy":1,"minecraft:chest":4,"minecraft:glass":2,"minecraft:tall_grass":61,"minecraft:copper_ore":4,"minecraft:cobblestone":93,"minecraft:sugar_cane":22,"minecraft:oak_planks":44,"minecraft:wall_torch":3,"minecraft:cauldron":1,"minecraft:seagrass":1,"minecraft:birch_planks":7,"minecraft:yellow_wool":6,"minecraft:birch_log":137,"minecraft:yellow_bed":3,"minecraft:grass":529,"minecraft:oak_log":664,"minecraft:coal_ore":36,"minecraft:oak_fence_gate":5,"minecraft:gravel":62,"minecraft:sand":210,"minecraft:dirt":331,"minecraft:stonecutter":1,"minecraft:oak_leaves":3,"minecraft:birch_fence":4,"minecraft:fern":8},"minecraft:killed_by":{"minecraft:creeper":2,"minecraft:iron_golem":10,"minecraft:skeleton":2,"minecraft:zombie":1},"minecraft:used":{"minecraft:oak_trapdoor":12,"minecraft:netherite_sword":15,"minecraft:iron_shovel":506,"minecraft:stone_shovel":542,"minecraft:oak_sign":21,"minecraft:chest":9,"minecraft:stone":1,"minecraft:iron_sword":73,"minecraft:zombie_spawn_egg":9,"minecraft:bell":2,"minecraft:oak_door":1,"minecraft:torch":52,"minecraft:dirt":394,"minecraft:anvil":2,"minecraft:hopper":1,"minecraft:carrot":2,"minecraft:oak_fence_gate":13,"minecraft:glass":98,"minecraft:wooden_axe":71,"minecraft:lava_bucket":7,"minecraft:villager_spawn_egg":19,"minecraft:iron_axe":505,"minecraft:oak_stairs":47,"minecraft:spawner":2,"minecraft:barrel":1,"minecraft:oak_sapling":33,"minecraft:furnace":2,"minecraft:cooked_beef":18,"minecraft:water_bucket":71,"minecraft:cobblestone_stairs":3,"minecraft:birch_planks":79,"minecraft:stone_pickaxe":449,"minecraft:oak_planks":4,"minecraft:fletching_table":3,"minecraft:iron_golem_spawn_egg":1,"minecraft:cauldron":1,"minecraft:wooden_pickaxe":13,"minecraft:composter":7,"minecraft:sugar_cane":54,"minecraft:cobblestone_slab":390,"minecraft:stonecutter":1,"minecraft:sand":23,"minecraft:birch_sign":15,"minecraft:oak_slab":31,"minecraft:crafting_table":4,"minecraft:white_bed":11,"minecraft:smoker":1,"minecraft:birch_fence":44,"minecraft:oak_log":48,"minecraft:diamond_pickaxe":255,"minecraft:apple":9,"minecraft:birch_fence_gate":2,"minecraft:bread":21,"minecraft:iron_pickaxe":183,"minecraft:stone_axe":563,"minecraft:cobblestone":239,"minecraft:grindstone":2,"minecraft:smithing_table":3,"minecraft:bucket":77,"minecraft:oak_boat":2,"minecraft:yellow_bed":4,"alexsmobs:animal_dictionary":2},"minecraft:dropped":{"minecraft:stone_hoe":21,"minecraft:bread":2,"minecraft:iron_sword":1,"minecraft:wheat_seeds":7,"minecraft:cooked_beef":2,"minecraft:iron_helmet":6,"minecraft:apple":60,"minecraft:emerald":42,"minecraft:oxeye_daisy":2,"minecraft:dirt":3,"minecraft:sand":11,"minecraft:iron_axe":27,"minecraft:white_wool":1,"minecraft:gravel":9,"minecraft:stone_axe":24,"minecraft:birch_sapling":10,"minecraft:stone_shovel":32,"minecraft:cherry_sapling":4,"minecraft:rotten_flesh":2,"minecraft:oak_sign":1,"minecraft:oak_sapling":66},"minecraft:broken":{"minecraft:iron_shovel":1,"minecraft:stone_pickaxe":3,"minecraft:iron_axe":1,"minecraft:stone_axe":4,"minecraft:wooden_axe":1,"minecraft:stone_shovel":4},"minecraft:picked_up":{"minecraft:crafting_table":1,"minecraft:wheat":1,"minecraft:yellow_wool":5,"minecraft:oak_stairs":47,"minecraft:cornflower":8,"minecraft:string":2,"minecraft:oak_trapdoor":12,"minecraft:iron_axe":17,"minecraft:raw_copper":10,"minecraft:birch_fence":4,"minecraft:oak_sign":1,"minecraft:beef":18,"minecraft:oak_boat":1,"minecraft:cobblestone_slab":25,"minecraft:poppy":31,"minecraft:sugar_cane":54,"minecraft:chest":4,"minecraft:birch_sapling":29,"minecraft:stick":149,"minecraft:oak_door":2,"minecraft:composter":2,"minecraft:torch":18,"minecraft:carrot":1,"minecraft:cauldron":1,"minecraft:rotten_flesh":16,"minecraft:stone_shovel":22,"minecraft:peony":1,"minecraft:hay_block":45,"minecraft:mutton":2,"minecraft:white_wool":7,"minecraft:cobblestone":734,"minecraft:oxeye_daisy":12,"minecraft:birch_log":119,"minecraft:cooked_beef":2,"minecraft:leather":11,"minecraft:smoker":1,"minecraft:potato":21,"minecraft:birch_planks":7,"minecraft:flint":8,"minecraft:oak_log":671,"minecraft:yellow_bed":3,"minecraft:cobblestone_stairs":7,"minecraft:dirt":569,"minecraft:apple":88,"minecraft:stonecutter":1,"minecraft:wheat_seeds":68,"minecraft:oak_fence_gate":5,"minecraft:bell":2,"minecraft:iron_ingot":99,"minecraft:stone_hoe":11,"minecraft:iron_sword":1,"minecraft:oak_planks":56,"minecraft:oak_slab":7,"minecraft:dandelion":4,"minecraft:gravel":62,"minecraft:sand":236,"minecraft:white_bed":5,"minecraft:lily_of_the_valley":1,"minecraft:spider_eye":1,"minecraft:stone_axe":14,"minecraft:iron_helmet":6,"minecraft:birch_sign":6,"minecraft:cherry_sapling":6,"minecraft:emerald":88,"minecraft:bread":5,"alexsmobs:maggot":1,"minecraft:oak_sapling":189,"minecraft:coal":36},"minecraft:custom":{"minecraft:interact_with_anvil":1,"minecraft:mob_kills":18,"minecraft:interact_with_crafting_table":50,"minecraft:open_barrel":4,"minecraft:bell_ring":24,"minecraft:leave_game":9,"minecraft:time_since_death":15440,"minecraft:climb_one_cm":2041,"minecraft:sprint_one_cm":640512,"minecraft:walk_one_cm":632422,"minecraft:drop":131,"minecraft:talked_to_villager":68,"minecraft:play_time":254422,"minecraft:sneak_time":11745,"minecraft:deaths":21,"minecraft:walk_under_water_one_cm":6600,"minecraft:boat_one_cm":6209,"minecraft:jump":4137,"minecraft:walk_on_water_one_cm":118186,"minecraft:total_world_time":254422,"minecraft:interact_with_furnace":12,"minecraft:traded_with_villager":234,"minecraft:interact_with_stonecutter":2,"minecraft:sleep_in_bed":14,"minecraft:time_since_rest":15467,"minecraft:damage_taken":7961,"minecraft:damage_dealt":3906,"minecraft:swim_one_cm":18000,"minecraft:fly_one_cm":852587,"minecraft:open_chest":148,"minecraft:crouch_one_cm":28425,"minecraft:interact_with_smoker":10,"minecraft:fall_one_cm":137748},"minecraft:killed":{"minecraft:spider":1,"minecraft:skeleton":1,"minecraft:zombie_villager":1,"minecraft:iron_golem":1,"minecraft:sheep":1,"minecraft:zombie":3,"alexsmobs:fly":1,"minecraft:cow":8},"minecraft:crafted":{"minecraft:grindstone":2,"minecraft:oak_planks":444,"minecraft:cobblestone_slab":240,"minecraft:stone_shovel":14,"minecraft:oak_sign":21,"minecraft:barrel":1,"minecraft:diamond_hoe":2,"minecraft:furnace":2,"minecraft:cobblestone_stairs":4,"minecraft:yellow_bed":1,"minecraft:hopper":1,"minecraft:glass":64,"minecraft:bow":1,"minecraft:iron_axe":21,"minecraft:birch_fence_gate":2,"minecraft:stone_pickaxe":3,"minecraft:chest":4,"minecraft:stone_hoe":10,"minecraft:birch_sign":9,"minecraft:wheat":404,"minecraft:cooked_beef":18,"minecraft:oak_slab":64,"minecraft:arrow":48,"minecraft:emerald":161,"minecraft:crafting_table":3,"minecraft:wooden_pickaxe":1,"minecraft:iron_sword":2,"minecraft:smithing_table":3,"minecraft:fletching_table":3,"minecraft:birch_planks":320,"minecraft:bucket":2,"minecraft:stone_axe":14,"minecraft:bread":21,"minecraft:air":0,"minecraft:apple":48,"minecraft:oak_fence_gate":8,"minecraft:oak_boat":1,"minecraft:diamond_pickaxe":1,"minecraft:birch_fence":48,"minecraft:stone_slab":6,"minecraft:stick":560,"minecraft:flint":10,"minecraft:iron_pickaxe":2,"minecraft:wooden_axe":1,"minecraft:iron_shovel":3,"minecraft:white_bed":2,"minecraft:composter":1,"minecraft:torch":48}},"DataVersion":3465}