{"stats":{"minecraft:dropped":{"minecraft:bread":2,"minecraft:oak_sapling":2},"minecraft:broken":{"minecraft:stone_pickaxe":3,"minecraft:stone_axe":4,"minecraft:wooden_axe":1,"minecraft:stone_shovel":4},"minecraft:crafted":{"minecraft:cooked_beef":18,"minecraft:oak_slab":64,"minecraft:oak_planks":140,"minecraft:cobblestone_slab":240,"minecraft:stone_shovel":4,"minecraft:crafting_table":2,"minecraft:wooden_pickaxe":1,"minecraft:iron_sword":1,"minecraft:furnace":2,"minecraft:bucket":1,"minecraft:birch_planks":52,"minecraft:stone_axe":4,"minecraft:bread":21,"minecraft:air":0,"minecraft:glass":64,"minecraft:oak_boat":1,"minecraft:iron_axe":1,"minecraft:stick":8,"minecraft:iron_pickaxe":1,"minecraft:stone_pickaxe":3,"minecraft:wooden_axe":1,"minecraft:iron_shovel":1,"minecraft:torch":12,"minecraft:birch_sign":9,"minecraft:wheat":72},"minecraft:killed_by":{"minecraft:skeleton":1,"minecraft:creeper":2,"minecraft:iron_golem":10},"minecraft:killed":{"minecraft:spider":1,"minecraft:iron_golem":1,"alexsmobs:fly":1,"minecraft:cow":8},"minecraft:used":{"minecraft:oak_trapdoor":12,"minecraft:water_bucket":22,"minecraft:cobblestone_stairs":2,"minecraft:iron_shovel":59,"minecraft:birch_planks":22,"minecraft:stone_shovel":542,"minecraft:stone_pickaxe":449,"minecraft:chest":1,"minecraft:wooden_pickaxe":13,"minecraft:iron_sword":4,"minecraft:sugar_cane":15,"minecraft:cobblestone_slab":262,"minecraft:bell":1,"minecraft:oak_door":1,"minecraft:torch":22,"minecraft:sand":23,"minecraft:dirt":350,"minecraft:oak_slab":31,"minecraft:crafting_table":2,"minecraft:birch_sign":15,"minecraft:white_bed":4,"minecraft:oak_log":30,"minecraft:glass":57,"minecraft:wooden_axe":71,"minecraft:lava_bucket":3,"minecraft:apple":5,"minecraft:oak_stairs":47,"minecraft:iron_axe":31,"minecraft:bread":21,"minecraft:iron_pickaxe":126,"minecraft:stone_axe":563,"minecraft:cobblestone":238,"minecraft:furnace":2,"minecraft:bucket":25,"minecraft:oak_boat":2,"minecraft:yellow_bed":3,"alexsmobs:animal_dictionary":2,"minecraft:cooked_beef":5},"minecraft:mined":{"minecraft:oak_slab":3,"minecraft:white_bed":4,"minecraft:glass_pane":1,"minecraft:oak_door":2,"minecraft:lily_of_the_valley":1,"minecraft:cobblestone_stairs":7,"minecraft:dandelion":1,"minecraft:cornflower":7,"minecraft:torch":4,"minecraft:grass_block":114,"minecraft:poppy":1,"minecraft:chest":1,"minecraft:glass":2,"minecraft:copper_ore":3,"minecraft:tall_grass":41,"minecraft:cobblestone":87,"minecraft:sugar_cane":7,"minecraft:oak_planks":40,"minecraft:wall_torch":1,"minecraft:oxeye_daisy":4,"minecraft:seagrass":1,"minecraft:hay_block":8,"minecraft:birch_planks":5,"minecraft:oak_trapdoor":15,"minecraft:birch_log":76,"minecraft:fire":11,"minecraft:yellow_bed":3,"minecraft:peony":1,"minecraft:bell":1,"minecraft:grass":410,"minecraft:coal_ore":9,"minecraft:oak_log":348,"minecraft:cobblestone_slab":23,"minecraft:vine":1,"minecraft:oak_stairs":47,"minecraft:sand":133,"minecraft:dirt":152,"minecraft:birch_wall_sign":4,"minecraft:stone":421,"minecraft:oak_leaves":3,"minecraft:fern":5},"minecraft:picked_up":{"minecraft:birch_log":69,"minecraft:leather":11,"minecraft:birch_planks":5,"minecraft:oak_stairs":47,"minecraft:potato":15,"minecraft:oak_log":322,"minecraft:yellow_bed":3,"minecraft:string":2,"minecraft:cobblestone_stairs":7,"minecraft:oak_trapdoor":12,"minecraft:cornflower":8,"minecraft:dirt":275,"minecraft:raw_copper":8,"minecraft:apple":18,"minecraft:wheat_seeds":52,"minecraft:bell":1,"minecraft:iron_ingot":28,"minecraft:beef":18,"minecraft:oak_boat":1,"minecraft:cobblestone_slab":25,"minecraft:poppy":8,"minecraft:sugar_cane":15,"minecraft:chest":1,"minecraft:birch_sapling":19,"minecraft:oak_planks":40,"minecraft:oak_slab":6,"minecraft:stick":74,"minecraft:oak_door":2,"minecraft:torch":11,"minecraft:dandelion":3,"minecraft:sand":131,"minecraft:white_bed":4,"minecraft:lily_of_the_valley":1,"minecraft:spider_eye":1,"minecraft:rotten_flesh":2,"minecraft:peony":1,"minecraft:hay_block":8,"minecraft:cherry_sapling":2,"minecraft:birch_sign":6,"minecraft:bread":2,"alexsmobs:maggot":1,"minecraft:oak_sapling":105,"minecraft:coal":9,"minecraft:cobblestone":463,"minecraft:oxeye_daisy":7},"minecraft:custom":{"minecraft:interact_with_furnace":6,"minecraft:mob_kills":11,"minecraft:interact_with_crafting_table":25,"minecraft:bell_ring":23,"minecraft:leave_game":4,"minecraft:time_since_death":22575,"minecraft:sleep_in_bed":7,"minecraft:climb_one_cm":244,"minecraft:time_since_rest":22603,"minecraft:sprint_one_cm":370675,"minecraft:damage_taken":6062,"minecraft:walk_one_cm":416652,"minecraft:drop":3,"minecraft:damage_dealt":2351,"minecraft:swim_one_cm":9973,"minecraft:talked_to_villager":2,"minecraft:fly_one_cm":515014,"minecraft:open_chest":59,"minecraft:crouch_one_cm":21295,"minecraft:play_time":130652,"minecraft:deaths":16,"minecraft:sneak_time":7634,"minecraft:walk_under_water_one_cm":2136,"minecraft:boat_one_cm":6209,"minecraft:jump":2570,"minecraft:walk_on_water_one_cm":40514,"minecraft:interact_with_smoker":5,"minecraft:total_world_time":130652,"minecraft:fall_one_cm":93620}},"DataVersion":3465}